material,gfx_flamethrower_smoke
material,gfx_flamethrower_smoke_add
material,gfx_flamethrower_smoke_z100
material,gfx_flamethrower_smoke_z3
material,gfx_fxt_debris_arc
material,gfx_fxt_debris_clump
material,gfx_fxt_debris_fire_ember_01
material,gfx_fxt_debris_fire_ember_cloud_01
material,gfx_fxt_debris_fire_ember_cloud_02
material,gfx_fxt_debris_gib_rock
material,gfx_fxt_debris_plume_water
material,gfx_fxt_debris_wind_ash
material,gfx_fxt_env_dust_mote_pcloud_add
material,gfx_fxt_env_electric_arc1_add
material,gfx_fxt_env_electric_arc2_add
material,gfx_fxt_env_lightning_bolt_air_add
material,gfx_fxt_env_lightning_trail
material,gfx_fxt_exp_ember_omni
material,gfx_fxt_exp_fire
material,gfx_fxt_fire_anim_sm
material,gfx_fxt_fire_anim_sm_add
material,gfx_fxt_fire_anim_sm_add_z3
material,gfx_fxt_fire_flame_base_01
material,gfx_fxt_fire_flame_base_02
material,gfx_fxt_fire_flame_clump_z10
material,gfx_fxt_fire_flame_lick
material,gfx_fxt_fire_patch_ember_add
material,gfx_fxt_fx_distortion_heat
material,gfx_fxt_fx_distortion_splash
material,gfx_fxt_fx_lensflare_glow
material,gfx_fxt_fx_shimmer
material,gfx_fxt_fx_spark_field
material,gfx_fxt_gas_flash
material,gfx_fxt_light_flare
material,gfx_fxt_light_flare2
material,gfx_fxt_light_flare2_eo15
material,gfx_fxt_light_flare4_god_ray
material,gfx_fxt_light_flare_halogen
material,gfx_fxt_light_glow
material,gfx_fxt_light_glow_z300
material,gfx_fxt_light_spot_beam
material,gfx_fxt_muz_vert_gen
material,gfx_fxt_smk_arc
material,gfx_fxt_smk_def_3
material,gfx_fxt_smk_def_smk
material,gfx_fxt_smk_gen
material,gfx_fxt_smk_gen_add
material,gfx_fxt_smk_gen_z3
material,gfx_fxt_smk_light
material,gfx_fxt_smk_lit_z200
material,gfx_fxt_smk_tendril
material,gfx_fxt_smk_whisp_spiral
material,hud_compass_face
material,hud_compass_highlight
material,hud_compass_rim
material,hud_grenadeicon
material,hud_grenadepointer
material,hud_objective_tank
material,hud_tankbarrel
material,hud_tankbody
material,hud_us_grenade
material,hud_us_smokegrenade
material,javelin_hud_target
material,line_horizontal_scorebar
material,mc/gfx_crater_blacktop
material,mc/gfx_crater_dirt
material,menu_black_line
material,menu_button_backing_highlight_right
material,menu_button_backing_right
material,menu_white_line_faded
material,minimap_tickertape
material,minimap_tickertape_background
material,objective_friendly
material,saving
material,wc/gfx_crater_blacktop
material,wc/gfx_crater_dirt
material,white
material,zombie_electric_shock_overlay
material,zombie_transporter_overlay
techset,2d
techset,distortion_scale
techset,distortion_scale_zfeather
techset,effect
techset,effect_add
techset,effect_add_nofog
techset,effect_add_nofog_eyeoffset
techset,effect_falloff_add
techset,effect_falloff_add_nofog
techset,effect_zfeather
techset,effect_zfeather_add
techset,effect_zfeather_add_nofog
techset,effect_zfeather_falloff_add
techset,effect_zfeather_falloff_add_nofog
techset,flamethrowerfx_color_distort_overlay_bloom
techset,mc_l_hsm_b0c0
techset,mc_l_sm_b0c0
techset,particle_cloud
techset,particle_cloud_add
techset,particle_cloud_outdoor_add
techset,wc_l_hsm_b0c0
techset,wc_l_sm_b0c0
image,$identitynormalmap
image,$white
image,black_line
image,compass_highlight
image,crater_blacktop
image,crater_dirt
image,flamethrower_fx_distortion_heat
image,fullscreen_electric_shock
image,fullscreen_transporter
image,fxt_debris_arc
image,fxt_debris_clump
image,fxt_debris_fire_ember_01
image,fxt_debris_fire_ember_cloud_01
image,fxt_debris_fire_ember_cloud_02
image,fxt_debris_gib_rock
image,fxt_debris_plume_water
image,fxt_debris_wind_ash
image,fxt_env_dust_mote
image,fxt_env_electric_arc1
image,fxt_env_electric_arc2
image,fxt_env_lighting_bolt_air
image,fxt_env_lightning_trail
image,fxt_exp_ember_omni
image,fxt_exp_fire
image,fxt_fire_anim_sm
image,fxt_fire_flame_base_01
image,fxt_fire_flame_base_02
image,fxt_fire_flame_clump
image,fxt_fire_flame_lick
image,fxt_fire_gas_flash
image,fxt_fire_patch_ember
image,fxt_fx_distortion_heat
image,fxt_fx_distortion_splash
image,fxt_fx_lensflare_glow
image,fxt_fx_shimmer
image,fxt_fx_spark_field
image,fxt_light_flare
image,fxt_light_flare2
image,fxt_light_flare4a_128
image,fxt_light_flare_halogen
image,fxt_light_glow
image,fxt_light_spot_beam
image,fxt_muz_vert_gen
image,fxt_smk_arc
image,fxt_smk_def_3
image,fxt_smk_def_smk
image,fxt_smk_flamethrower_arc
image,fxt_smk_gen
image,fxt_smk_light
image,fxt_smk_lit
image,fxt_smk_tendril
image,grenadeicon
image,grenadepointer
image,hud_compass_face
image,hud_compass_rim
image,hud_us_grenade
image,javelin_hud_target
image,line_horizontal_scorebar
image,menu_button_backing_highlight_right
image,menu_button_backing_right
image,minimap_tickertape
image,minimap_tickertape_background
image,objective_friendly
image,objective_tank
image,saving
image,tankbarrel
image,tankbody
image,us_smokegrenade
image,whisp_spiral
image,white_line_faded
menufile,ui/hud.txt
menu,amitalking
menu,arcademodebonus
menu,boldgamemessages
menu,compass
menu,competitivemodescores
menu,coopmessages
menu,cursorhints
menu,deadscreen
menu,dpad
menu,friendly_arrows
menu,friendly_names
menu,gamemessages
menu,heatinfo
menu,holdbreathhint
menu,invalidcmdhint
menu,mantlehint
menu,missionsuccessbar_arcademode
menu,objectiveinfo
menu,overheadmap
menu,pausedmenu
menu,roundcompass
menu,safearea
menu,savingicon
menu,sprintmeter
menu,stance
menu,subtitles
menu,subtitles_chaplin
menu,successfulcmdhint
menu,talkers
menu,tankstatus_cooperative
menu,vehiclehud
menu,weaponinfo
fx,env/electrical/fx_elec_player_md
fx,env/fire/fx_fire_blown_md_blk_smk_distant_w
fx,env/fire/fx_fire_brush_smolder_sm
fx,env/fire/fx_fire_campfire_small
fx,env/fire/fx_fire_detail_fade_14
fx,env/fire/fx_fire_oil_md
fx,env/fire/fx_fire_player_torso
fx,env/light/fx_glow_emergency_red_blink
fx,env/light/fx_glow_hanginglamp
fx,env/smoke/fx_smoke_smolder_lg_gry
fx,env/smoke/fx_smoke_smolder_md_gry
fx,env/smoke/fx_smoke_smolder_sm_blk
fx,env/smoke/fx_smoke_wood_chimney_med
fx,explosions/fx_default_explosion
fx,explosions/tank_impact_dirt
fx,maps/zombie/fx_zombie_wire_spark
fx,system_elements/fx_elec_spark_emit
rawfile,animscripts/death.gsc
rawfile,animscripts/dog_combat.gsc
rawfile,animscripts/dog_death.gsc
rawfile,animscripts/dog_flashed.gsc
rawfile,animscripts/dog_init.gsc
rawfile,animscripts/dog_move.gsc
rawfile,animscripts/dog_pain.gsc
rawfile,animscripts/dog_scripted.gsc
rawfile,animscripts/dog_stop.gsc
rawfile,animscripts/melee.gsc
rawfile,animscripts/scripted.gsc
rawfile,animscripts/traverse/shared.gsc
rawfile,animscripts/traverse/zombie_jump_down_120.gsc
rawfile,animscripts/traverse/zombie_jump_down_127.gsc
rawfile,animscripts/traverse/zombie_jump_down_184.gsc
rawfile,animscripts/traverse/zombie_jump_down_190.gsc
rawfile,animscripts/traverse/zombie_jump_down_72.gsc
rawfile,animscripts/traverse/zombie_jump_down_96.gsc
rawfile,animscripts/traverse/zombie_jump_up_to_climb.gsc
rawfile,animscripts/utility.gsc
rawfile,animtrees/dog.atr
rawfile,animtrees/generic_human.atr
rawfile,animtrees/zombie_cymbal_monkey.atr
rawfile,character/char_zomb_player_0.gsc
rawfile,character/char_zomb_player_1.gsc
rawfile,character/char_zomb_player_2.gsc
rawfile,character/char_zomb_player_3.gsc
rawfile,clientscripts/_callbacks.csc
rawfile,clientscripts/_footsteps.csc
rawfile,clientscripts/_lights.csc
rawfile,clientscripts/_load.csc
rawfile,maps/_arcademode.gsc
rawfile,maps/_audio.gsc
rawfile,maps/_callbackglobal.gsc
rawfile,maps/_challenges_coop.gsc
rawfile,maps/_collectibles_game.gsc
rawfile,maps/_friendlyfire.gsc
rawfile,maps/_gameskill.gsc
rawfile,maps/_laststand.gsc
rawfile,maps/_load.gsc
rawfile,maps/_loadout.gsc
rawfile,maps/_mgturret.gsc
rawfile,maps/_zombiemode.gsc
rawfile,maps/_zombiemode_blockers_new.gsc
rawfile,maps/_zombiemode_dogs.gsc
rawfile,maps/_zombiemode_spawner.gsc
rawfile,maps/_zombiemode_tesla.gsc
rawfile,maps/_zombiemode_weapons.gsc
rawfile,mptype/nazi_zombie_heroes.gsc
rawfile,shock/dog_bite.shock
